{"cameraMode":{"drawMode":0,"name":"Shaded","section":"Shading Mode"},"sceneLighting":true,"audioPlay":false,"sceneViewState":{"m_AlwaysRefresh":false,"showFog":true,"showSkybox":true,"showFlares":true,"showImageEffects":true,"showParticleSystems":true,"showVisualEffectGraphs":true,"m_FxEnabled":true},"in2DMode":false,"pivot":{"x":3.3142130374908449,"y":1.7937052249908448,"z":1.6934964656829835},"rotation":{"x":0.12362457811832428,"y":-0.09362908452749253,"z":0.01171744056046009,"w":0.9878326654434204},"size":2.856264591217041,"orthographic":false}